"geneid","cid","aid","sid","activity","acname","acvalue"
4321,44580458,722642,103627400,"Active","INH",4.4E-05
4321,25122901,638695,136931116,"Active","IC50",0.0001
4321,25122902,638695,136924606,"Active","IC50",0.0001
4321,44580458,349385,103627400,"Active","Ki",0.00019
4321,11292680,440420,103443705,"Active","IC50",0.0002
4321,44247751,440420,103696861,"Active","IC50",0.0002
4321,57390510,638695,136921311,"Active","IC50",0.0002
4321,57392283,638695,136924607,"Active","IC50",0.0002
4321,9866250,109242,103338283,"Active","IC50",0.00024
4321,44580458,722641,103627400,"Active","Ki",0.00024
4321,44580458,722650,103627400,"Active","Ki",0.00026
4321,70698422,722650,164128292,"Active","Ki",0.00028
4321,25122164,638695,136931119,"Active","IC50",0.0003
4321,69921899,1257883,318434315,"Active","Ki",0.0003
4321,24795059,427755,103682710,"Active","IC50",0.0004
4321,25117549,638695,136921310,"Active","IC50",0.0004
4321,57399258,638695,136937661,"Active","IC50",0.0004
4321,132519,1077364,103185416,"Active","Ki",0.00052
4321,4218,1077364,103339213,"Active","Ki",0.00061
4321,57397577,638695,136934558,"Active","IC50",0.0007
4321,44247751,440432,103696861,"Active","IC50",0.00085
4321,44247751,440431,103696861,"Active","IC50",0.00089
4321,25263240,418149,103612075,"Active","IC50",0.0009
4321,71720757,731523,164149510,"Active","IC50",0.00093
4321,9982414,240999,103450562,"Active","IC50",0.00095
4321,132519,408845,103185416,"Active","IC50",0.001
4321,56835063,638695,136944116,"Active","IC50",0.001
4321,57390511,638695,136921312,"Active","IC50",0.001
4321,73353429,748347,174511663,"Active","Ki",0.001
4321,76314808,1077366,194147602,"Active","Ki",0.001
4321,50991139,1257883,318434283,"Active","Ki",0.00105
4321,25067178,418149,103612076,"Active","IC50",0.0011
4321,57390512,638695,136921313,"Active","IC50",0.0012
4321,44224245,427755,103688047,"Active","IC50",0.0014
4321,57390513,638695,136921314,"Active","IC50",0.0016
4321,44315244,310912,103276954,"Active","IC50",0.001698
4321,44315244,109241,103276954,"Active","IC50",0.0017
4321,25064052,427755,103682709,"Active","IC50",0.0018
4321,136054520,1328782,374353478,"Active","IC50",0.0018
4321,50991589,1257883,318434302,"Active","Ki",0.00184
4321,4218,1077366,103339213,"Active","Ki",0.0019
4321,57394039,638695,136927865,"Active","IC50",0.0019
4321,11669859,1172327,312369462,"Active","IC50",0.002
4321,25049753,748347,103691026,"Active","Ki",0.002
4321,25066764,418149,103611836,"Active","IC50",0.002
4321,25066764,427755,103611836,"Active","IC50",0.002
4321,44224245,638695,103688047,"Active","IC50",0.002
4321,71817097,748347,174516726,"Active","Ki",0.002
4321,73355130,761928,174518164,"Active","IC50",0.002
4321,25066763,418149,103611906,"Active","IC50",0.0021
4321,57397578,638695,136934559,"Active","IC50",0.0022
4321,57399259,638695,136937663,"Active","IC50",0.0022
4321,69922221,1257883,318434278,"Active","Ki",0.0022
4321,71109278,1257883,318434252,"Active","Ki",0.0022
4321,57399260,638695,136937664,"Active","IC50",0.0023
4321,69922083,1257883,318434309,"Active","Ki",0.00256
4321,50991590,1257883,318434303,"Active","Ki",0.00258
4321,9955795,109238,103343582,"Active","IC50",0.0026
4321,44479197,440420,103696822,"Active","IC50",0.0027
4321,25121093,638695,136944117,"Active","IC50",0.0029
4321,50991768,1257883,318434311,"Active","Ki",0.0029
4321,50991141,1257883,318434276,"Active","Ki",0.0033
4321,59794408,761928,174492477,"Active","IC50",0.0033
4321,84973128,1257883,318429362,"Active","Ki",0.0034
4321,9885136,109238,103343580,"Active","IC50",0.0035
4321,50991230,1257883,318434280,"Active","Ki",0.0035
4321,76332924,1077364,194182045,"Active","Ki",0.00353
4321,50991770,1257883,318434317,"Active","Ki",0.00365
4321,50991679,1257883,318434316,"Active","Ki",0.0037
4321,132519,1077366,103185416,"Active","Ki",0.0038
4321,44315333,310912,103277132,"Active","IC50",0.003981
4321,44315333,109241,103277132,"Active","IC50",0.004
4321,57390514,638695,136921315,"Active","IC50",0.004
4321,448002,546021,103289600,"Active","Ki",0.0043
4321,50991771,1257883,318434313,"Active","Ki",0.0043
4321,25121089,638695,136937662,"Active","IC50",0.0045
4321,25263237,418149,103611905,"Active","IC50",0.0047
4321,50991231,1257883,318434282,"Active","Ki",0.0047
4321,44478927,440420,103696758,"Active","IC50",0.0048
4321,9851911,109241,103276699,"Active","IC50",0.005
4321,25263236,418149,103611903,"Active","IC50",0.005
4321,25263236,427755,103611903,"Active","IC50",0.005
4321,25263239,418149,103612074,"Active","IC50",0.005
4321,71817095,748347,174516725,"Active","Ki",0.005
4321,73354941,748347,174516727,"Active","Ki",0.005
4321,9851911,310912,103276699,"Active","IC50",0.005012
4321,132519,359849,103185416,"Active","IC50",0.0051
4321,50991140,1257883,318434274,"Active","Ki",0.0052
4321,50991680,1257883,318434307,"Active","Ki",0.0054
4321,50991963,1257883,318429367,"Active","Ki",0.0054
4321,57397579,638695,136934560,"Active","IC50",0.0054
4321,25066765,418149,103611904,"Active","IC50",0.0056
4321,59794447,761928,174508010,"Active","IC50",0.0059
4321,25049752,546021,124971823,"Active","Ki",0.006
4321,44479460,440420,103696747,"Active","IC50",0.006
4321,44479699,440420,103696785,"Active","IC50",0.006
4321,71817100,748347,174521910,"Active","Ki",0.006
4321,25065111,427755,103691480,"Active","IC50",0.0061
4321,25064905,427755,103682718,"Active","IC50",0.0063
4321,25066564,418149,103611986,"Active","IC50",0.0066
4321,50991137,1257883,318434277,"Active","Ki",0.0066
4321,11352067,551730,124967289,"Active","IC50",0.007
4321,50907084,546021,124966516,"Active","Ki",0.007
4321,73353430,748347,174511664,"Active","Ki",0.007
4321,25065318,418149,103611761,"Active","IC50",0.0072
4321,57395798,638695,136931118,"Active","IC50",0.0072
4321,25067176,418149,103612073,"Active","IC50",0.0076
4321,44248449,427755,103691479,"Active","IC50",0.0076
4321,46829322,546021,104250879,"Active","Ki",0.0076
4321,50991138,1257883,318434281,"Active","Ki",0.0078
4321,11508259,546021,124958614,"Active","Ki",0.008
4321,50991514,1257883,318434301,"Active","Ki",0.008
4321,84973130,1257883,318429364,"Active","Ki",0.008
4321,25066563,418149,103611987,"Active","IC50",0.0081
4321,137287436,1328782,374289960,"Active","IC50",0.0081
4321,10030422,310912,103218804,"Active","IC50",0.008128
4321,4219,670314,160690440,"Active","IC50",0.0082
4321,10030422,109241,103218804,"Active","IC50",0.0082
4321,50991764,1257883,318429359,"Active","Ki",0.0082
4321,46861564,1257883,104248665,"Active","Ki",0.0083
4321,136054516,1328782,374264087,"Active","IC50",0.0085
4321,50991424,1257883,318434291,"Active","Ki",0.0086
4321,57401026,638695,136940891,"Active","IC50",0.0086
4321,50991587,1257883,318429352,"Active","Ki",0.0089
4321,59794437,761928,174492480,"Active","IC50",0.0089
4321,10613145,109237,160670722,"Active","IC50",0.009
4321,25064904,427755,103684410,"Active","IC50",0.009
4321,73345859,748347,174486026,"Active","Ki",0.009
4321,134133904,1343501,374275143,"Active","IC50",0.009
4321,44248811,427755,103684460,"Active","IC50",0.0092
4321,25138265,315841,103572776,"Active","Ki",0.01
4321,25263242,418149,103612156,"Active","IC50",0.01
4321,57339413,748347,174521909,"Active","Ki",0.01
4321,71817094,748347,174496072,"Active","Ki",0.01
4321,25263238,418149,103611985,"Active","IC50",0.0102
4321,71109182,1257883,318434279,"Active","Ki",0.0102
4321,25064051,418149,103611693,"Active","IC50",0.0103
4321,50991234,1257883,318434285,"Active","Ki",0.0105
4321,25065946,418149,103611610,"Active","IC50",0.011
4321,50991675,1257883,318429355,"Active","Ki",0.011
4321,53319228,546021,124961237,"Active","Ki",0.011
4321,44248815,427755,103691585,"Active","IC50",0.0111
4321,50991965,1257883,318429369,"Active","Ki",0.0112
4321,50991586,1257883,318429351,"Active","Ki",0.0118
4321,9838786,109237,103276396,"Active","IC50",0.012
4321,11753905,315216,103575128,"Active","Ki",0.012
4321,25263241,418149,103612155,"Active","IC50",0.012
4321,84973138,1257883,318434251,"Active","Ki",0.012
4321,50992327,1257883,318434264,"Active","Ki",0.0127
4321,132519,109243,103185416,"Active","IC50",0.013
4321,132519,259460,103185416,"Active","IC50",0.013
4321,10854279,109237,103276129,"Active","IC50",0.013
4321,11442210,551730,124967290,"Active","IC50",0.013
4321,57402781,638695,136944114,"Active","IC50",0.013
4321,448942,349385,103626955,"Active","IC50",0.014
4321,6852146,418149,103457304,"Active","IC50",0.014
4321,6852146,427755,103457304,"Active","IC50",0.014
4321,10565532,109237,103276086,"Active","IC50",0.014
4321,25065514,418149,103611762,"Active","IC50",0.014
4321,25066566,418149,103611988,"Active","IC50",0.014
4321,25263241,427755,103612155,"Active","IC50",0.014
4321,44389285,241064,103443166,"Active","IC50",0.014
4321,50991426,1257883,318434294,"Active","Ki",0.0142
4321,46942365,546021,104248253,"Active","Ki",0.0143
4321,46942365,1336482,104248253,"Active","Ki",0.0143
4321,50991046,1257883,318434275,"Active","Ki",0.0143
4321,71563039,722650,164131181,"Active","Ki",0.0147
4321,57402782,638695,136944115,"Active","IC50",0.015
4321,71817098,748347,174491021,"Active","Ki",0.015
4321,50991681,1257883,318434308,"Active","Ki",0.0151
4321,70698423,722650,164142395,"Active","Ki",0.0155
4321,25263243,418149,103612157,"Active","IC50",0.016
4321,57339412,748347,174516724,"Active","Ki",0.016
4321,136380958,1328782,374346949,"Active","IC50",0.016
4321,50991511,1257883,318434298,"Active","Ki",0.0164
4321,11625778,349385,103505699,"Active","IC50",0.017
4321,25120748,638695,136931117,"Active","IC50",0.017
4321,44248573,427755,103689702,"Active","IC50",0.017
4321,71075888,1257883,318434304,"Active","Ki",0.017
4321,24857924,775838,174504147,"Active","IC50",0.018
4321,44248570,427755,103691503,"Active","IC50",0.018
4321,57392282,638695,136924605,"Active","IC50",0.018
4321,50991423,1257883,318434292,"Active","Ki",0.0186
4321,71109175,1257883,318434253,"Active","Ki",0.0186
4321,56835168,641678,136921126,"Active","IC50",0.019
4321,57403564,648198,136945531,"Active","IC50",0.019
4321,10445302,748347,103289268,"Active","Ki",0.02
4321,44364249,109243,103390350,"Active","IC50",0.02
4321,25064906,427755,103689666,"Active","IC50",0.0202
4321,50991427,1257883,318434295,"Active","Ki",0.0209
4321,50991591,1257883,318434305,"Active","Ki",0.022
4321,56835167,641678,136921127,"Active","IC50",0.023
4321,57339411,748347,174486025,"Active","Ki",0.023
4321,57401025,638695,136940890,"Active","IC50",0.023
4321,134130294,1336477,374264651,"Active","Ki",0.023
4321,25064908,427755,103684426,"Active","IC50",0.0231
4321,59794423,761928,174513145,"Active","IC50",0.0237
4321,11213937,551730,124972547,"Active","IC50",0.024
4321,44248450,427755,103686222,"Active","IC50",0.025
4321,50991509,1257883,318434296,"Active","Ki",0.0256
4321,134141928,1343501,374304530,"Active","IC50",0.026
4321,25065109,427755,103682737,"Active","IC50",0.028
4321,25064907,427755,103684518,"Active","IC50",0.029
4321,44364122,109243,103389928,"Active","IC50",0.029
4321,44391352,241032,103446403,"Active","IC50",0.029
4321,76332924,1077366,194182045,"Active","Ki",0.03
4321,24178109,546021,104249937,"Active","Ki",0.031
4321,44478926,440420,103696860,"Active","IC50",0.032
4321,50991512,1257883,318434299,"Active","Ki",0.032
4321,50991510,1257883,318434297,"Active","Ki",0.034
4321,25064485,427755,103681043,"Active","IC50",0.0341
4321,11967143,109240,103337210,"Active","Ki",0.035
4321,50991043,1257883,318434271,"Active","Ki",0.035
4321,25065108,427755,103691494,"Active","IC50",0.0363
4321,50992323,1257883,318434257,"Active","Ki",0.037
4321,25263244,418149,103611608,"Active","IC50",0.038
4321,25263244,427755,103611608,"Active","IC50",0.038
4321,25065515,418149,103611763,"Active","IC50",0.039
4321,25049754,546021,124961238,"Active","Ki",0.04
4321,50991769,1257883,318434312,"Active","Ki",0.04
4321,50992324,1257883,318434261,"Active","Ki",0.041
4321,10493383,109237,131277843,"Active","IC50",0.042
4321,44248697,427755,103689658,"Active","IC50",0.042
4321,25138263,315841,103572828,"Active","Ki",0.043
4321,44248572,427755,103689701,"Active","IC50",0.044
4321,50991425,1257883,318434293,"Active","Ki",0.044
4321,71602247,728234,164143047,"Active","IC50",0.044
4321,25263233,418149,103611833,"Active","IC50",0.045
4321,76325699,1077366,194168374,"Active","Ki",0.048
4321,84973142,1257883,318434254,"Active","Ki",0.048
4321,25064053,427755,103688003,"Active","IC50",0.05
4321,25263230,418149,103611690,"Active","IC50",0.05
4321,44439853,304949,103547877,"Active","Ki",0.05
4321,50991044,1257883,318434272,"Active","Ki",0.052
4321,50992233,1257883,318434258,"Active","Ki",0.052
4321,127044651,1312038,336895969,"Active","IC50",0.0523
4321,25138262,315841,103572830,"Active","Ki",0.053
4321,50991878,1257883,318429363,"Active","Ki",0.053
4321,127044819,1312038,336896225,"Active","IC50",0.0532
4321,50991880,1257883,318429365,"Active","Ki",0.054
4321,44626354,441105,103697767,"Active","IC50",0.055
4321,50991042,1257883,318434270,"Active","Ki",0.056
4321,84973146,1257883,318434310,"Active","Ki",0.056
4321,10367355,109243,103390378,"Active","IC50",0.057
4321,44364121,109243,103389927,"Active","IC50",0.057
4321,44389246,241064,103443083,"Active","IC50",0.057
4321,50992420,1257883,318434269,"Active","Ki",0.057
4321,44626353,441105,103697766,"Active","IC50",0.058
4321,50992231,1257883,318434259,"Active","Ki",0.058
4321,44364119,109243,103389902,"Active","IC50",0.059
4321,50991677,1257883,318429357,"Active","Ki",0.059
4321,84973134,1257883,318429382,"Active","Ki",0.059
4321,25064054,427755,103684532,"Active","IC50",0.06
4321,50907292,546021,124961239,"Active","Ki",0.06
4321,25049756,1286149,174486024,"Active","Kd",0.0611
4321,11335940,441105,103697765,"Active","IC50",0.062
4321,25049756,748347,174486024,"Active","Ki",0.062
4321,127043505,1312038,336894217,"Active","IC50",0.063
4321,50991676,1257883,318429356,"Active","Ki",0.064
4321,25138260,315841,103572877,"Active","Ki",0.065
4321,44364250,109243,103390351,"Active","IC50",0.065
4321,56835169,641678,136934374,"Active","IC50",0.066
4321,25138259,315841,103572923,"Active","Ki",0.07
4321,25263232,418149,103611760,"Active","IC50",0.07
4321,44389231,241064,103443056,"Active","IC50",0.07
4321,44389253,241064,103443103,"Active","IC50",0.07
4321,44479459,440420,103696843,"Active","IC50",0.07
4321,54580192,600460,131272429,"Active","IC50",0.07
4321,74221070,1343501,374347061,"Active","IC50",0.071
4321,127044462,1312038,336895663,"Active","IC50",0.07102
4321,44364037,109243,103389648,"Active","IC50",0.072
4321,71108989,1257883,318434267,"Active","Ki",0.073
4321,127044818,1312038,336896223,"Active","IC50",0.0732
4321,50992232,1257883,318434260,"Active","Ki",0.075
4321,50992325,1257883,318434262,"Active","Ki",0.076
4321,50991882,1257883,318434314,"Active","Ki",0.084
4321,127043506,1312038,336894218,"Active","IC50",0.084
4321,25138264,315841,103572779,"Active","Ki",0.085
4321,53318212,551730,124959355,"Active","IC50",0.085
4321,44626352,441105,103697700,"Active","IC50",0.086
4321,45269910,427755,103686322,"Active","IC50",0.087
4321,44248571,427755,103681031,"Active","IC50",0.089
4321,10136680,310912,103332012,"Active","Ki",0.08913
4321,10136680,109239,103332012,"Active","Ki",0.09
4321,54582221,600460,131276424,"Active","IC50",0.09
4321,50992419,1257883,318434268,"Active","Ki",0.091
4321,44315155,109241,103276739,"Active","IC50",0.093
4321,44315155,310912,103276739,"Active","IC50",0.09333
4321,127044652,1312038,336895970,"Active","IC50",0.0961
4321,10252411,313568,103559591,"Active","Ki",0.1
4321,10318433,241064,103443124,"Active","IC50",0.1
4321,25066153,418149,103611692,"Active","IC50",0.1
4321,44248698,427755,103684411,"Active","IC50",0.1001
4321,25138261,315841,103572876,"Active","Ki",0.107
4321,11101785,310912,103331403,"Active","Ki",0.10965
4321,11101785,109239,103331403,"Active","Ki",0.11
4321,25138271,315841,103572654,"Active","Ki",0.119
4321,46861565,1257883,104248667,"Active","Ki",0.119
4321,50992230,1257883,318434256,"Active","Ki",0.119
4321,50991329,1257883,318434286,"Active","Ki",0.122
4321,50991513,1257883,318434300,"Active","Ki",0.124
4321,10175219,304949,103547884,"Active","Ki",0.13
4321,50991045,1257883,318434273,"Active","Ki",0.134
4321,118721026,1172327,312369463,"Active","IC50",0.138
4321,11487618,551730,124956707,"Active","IC50",0.14
4321,44479199,440420,103696845,"Active","IC50",0.14
4321,46861563,1257883,104248670,"Active","Ki",0.144
4321,44479199,440432,103696845,"Active","IC50",0.15
4321,50992043,1257883,318429376,"Active","Ki",0.154
4321,50992044,1257883,318429377,"Active","Ki",0.155
4321,84973132,1257883,318429381,"Active","Ki",0.158
4321,25138258,315841,103572926,"Active","Ki",0.16
4321,25138272,315841,103572652,"Active","Ki",0.16
4321,71075732,1257883,318429371,"Active","Ki",0.16
4321,25066149,418149,103611611,"Active","IC50",0.17
4321,44364266,109243,103390409,"Active","IC50",0.17
4321,44479199,440431,103696845,"Active","IC50",0.17
4321,50992417,1257883,318434266,"Active","Ki",0.176
4321,127044139,1312038,336895143,"Active","IC50",0.1776
4321,11327633,241064,103443144,"Active","IC50",0.18
4321,45482997,441105,103697638,"Active","IC50",0.181
4321,25064283,427755,103686228,"Active","IC50",0.187
4321,50992416,1257883,318434265,"Active","Ki",0.19
4321,44364111,109243,103389870,"Active","IC50",0.191
4321,11305534,551730,124964579,"Active","IC50",0.2
4321,11639846,259460,103477325,"Active","IC50",0.2
4321,11730086,109239,103331401,"Active","Ki",0.2
4321,50991332,1257883,318434289,"Active","Ki",0.206
4321,10195307,304949,103547854,"Active","Ki",0.21
4321,10051236,308552,103549800,"Active","Ki",0.223
4321,3649035,242120,103443100,"Active","IC50",0.23
4321,50991331,1257883,318434288,"Active","Ki",0.234
4321,10114318,109239,103332438,"Active","Ki",0.24
4321,127044649,1312038,336895967,"Active","IC50",0.2466
4321,10163627,314343,103560200,"Active","IC50",0.25
4321,50991330,1257883,318434287,"Active","Ki",0.251
4321,50991233,1257883,318434284,"Active","Ki",0.254
4321,84973125,1257883,318429358,"Active","Ki",0.254
4321,50992326,1257883,318434263,"Active","Ki",0.259
4321,25064489,427755,103689674,"Active","IC50",0.26
4321,136054485,1328782,374315790,"Active","IC50",0.26
4321,50991674,1257883,318429354,"Active","Ki",0.268
4321,74221072,1343501,374360602,"Active","IC50",0.268
4321,73356503,748347,174521911,"Active","Ki",0.272
4321,10136924,109239,103332082,"Active","Ki",0.28
4321,10138589,109239,103332368,"Active","Ki",0.28
4321,10136924,310912,103332082,"Active","Ki",0.28184
4321,10138589,310912,103332368,"Active","Ki",0.28184
4321,1002,408845,103405330,"Active","IC50",0.29
4321,893637,712145,163336469,"Active","IC50",0.29
4321,59910477,1312038,336896224,"Active","IC50",0.2958
4321,127044036,1312038,336894947,"Active","IC50",0.2966
4321,10116107,109239,103332491,"Active","Ki",0.3
4321,136054481,1328782,374352844,"Active","IC50",0.3
4321,10116107,310912,103332491,"Active","Ki",0.302
4321,84973144,1257883,318434255,"Active","Ki",0.306
4321,44479703,440420,103696872,"Active","IC50",0.31
4321,50991592,1257883,318434306,"Active","Ki",0.317
4321,10296785,109239,103332469,"Active","Ki",0.32
4321,11581283,259460,103477176,"Active","IC50",0.32
4321,10296785,310912,103332469,"Active","Ki",0.32359
4321,25138270,315841,103572690,"Active","Ki",0.327
4321,10162900,310912,103331395,"Active","Ki",0.33884
4321,10296475,310912,103332045,"Active","Ki",0.33884
4321,10162900,109239,103331395,"Active","Ki",0.34
4321,10296475,109239,103332045,"Active","Ki",0.34
4321,10136925,310912,103332108,"Active","Ki",0.34674
4321,11016073,310912,103332397,"Active","Ki",0.34674
4321,84973126,1257883,318429360,"Active","Ki",0.348
4321,10136925,109239,103332108,"Active","Ki",0.35
4321,11016073,109239,103332397,"Active","Ki",0.35
4321,9932290,109239,103332470,"Active","Ki",0.36
4321,10138303,109239,103332109,"Active","Ki",0.36
4321,9932290,310912,103332470,"Active","Ki",0.36308
4321,84973136,1257883,318434250,"Active","Ki",0.369
4321,10224396,109239,103331443,"Active","Ki",0.37
4321,10224396,310912,103331443,"Active","Ki",0.37154
4321,11016072,109239,103331402,"Active","Ki",0.38
4321,44479198,440420,103696832,"Active","IC50",0.38
4321,11016072,310912,103331402,"Active","Ki",0.38019
4321,10009978,109240,103337212,"Active","Ki",0.39
4321,10196192,304949,103547855,"Active","Ki",0.39
4321,10208262,314343,103560202,"Active","IC50",0.39
4321,50991766,1257883,318429361,"Active","Ki",0.398
4321,10091931,241064,103443021,"Active","IC50",0.4
4321,10387791,551730,124961200,"Active","IC50",0.4
4321,44389199,241064,103443014,"Active","IC50",0.4
4321,44389227,241064,103443050,"Active","IC50",0.4
4321,71602248,728234,164140291,"Active","IC50",0.4
4321,50991588,1257883,318429353,"Active","Ki",0.401
4321,10183064,109239,103332046,"Active","Ki",0.41
4321,10183064,349385,103332046,"Active","Ki",0.41
4321,45482676,440420,103696706,"Active","IC50",0.41
4321,50991881,1257883,318429366,"Active","Ki",0.412
4321,44364224,109243,103390293,"Active","IC50",0.421
4321,10206106,310912,103331444,"Active","Ki",0.43652
4321,10206106,109239,103331444,"Active","Ki",0.44
4321,11581319,259460,103477175,"Active","IC50",0.45
4321,10408590,241064,103442987,"Active","IC50",0.46
4321,127043503,1312038,336894215,"Active","IC50",0.462
4321,50991967,1257883,318429375,"Active","Ki",0.469
4321,10204303,109239,103332437,"Active","Ki",0.48
4321,11609208,259460,103477146,"Active","IC50",0.48
4321,57384091,648198,136922866,"Active","IC50",0.5
4321,71602249,728234,164140292,"Active","IC50",0.5
4321,10274748,109239,103332369,"Active","Ki",0.52
4321,11391583,441105,103697688,"Active","IC50",0.52
4321,10274748,310912,103332369,"Active","Ki",0.52481
4321,10186536,314343,103560197,"Active","IC50",0.54
4321,25138268,315841,103572735,"Active","Ki",0.54
4321,136054495,1328782,374303258,"Active","IC50",0.54
4321,44580539,349385,103627524,"Active","IC50",0.564
4321,10311498,304949,103547882,"Active","Ki",0.58
4321,25138267,315841,103572736,"Active","Ki",0.58
4321,44478925,440420,103696830,"Active","IC50",0.59
4321,11675055,259460,103477318,"Active","IC50",0.6
4321,25263245,418149,103611609,"Active","IC50",0.6
4321,25263245,427755,103611609,"Active","IC50",0.6
4321,12000718,669903,160695741,"Active","IC50",0.655
4321,70688393,670314,160685043,"Active","IC50",0.67
4321,7063077,748347,174506525,"Active","Ki",0.672
4321,46184724,457420,103724476,"Active","Ki",0.7
4321,45269911,427755,103686323,"Active","IC50",0.75
4321,10344465,290505,103524274,"Active","Ki",0.782
4321,50992046,1257883,318429379,"Active","Ki",0.797
4321,50991964,1257883,318429368,"Active","Ki",0.83
4321,50991966,1257883,318429374,"Active","Ki",0.856
4321,50992047,1257883,318429380,"Active","Ki",0.887
4321,44478924,440420,103696821,"Active","IC50",0.92
4321,44364251,109243,103390352,"Active","IC50",0.931
4321,44441030,308552,103549814,"Active","Ki",0.958
4321,50992045,1257883,318429378,"Active","Ki",0.969
4321,5280445,670314,103207220,"Active","IC50",0.98
4321,44248451,427755,103689681,"Unspecified","IC50",1
4321,50991333,1257883,318434290,"Unspecified","Ki",1
4321,71075455,1257883,318429372,"Unspecified","Ki",1
4321,71075834,1257883,318429370,"Unspecified","Ki",1
4321,10175331,304949,103547878,"Active","Ki",1.02
4321,10175331,349385,103547878,"Active","Ki",1.02
4321,25138266,315841,103572738,"Active","Ki",1.021
4321,10289842,304949,103547886,"Active","Ki",1.03
4321,25263234,418149,103611834,"Active","IC50",1.05
4321,11717997,259460,103477324,"Active","IC50",1.14
4321,45483016,441105,103697690,"Active","IC50",1.15
4321,5319161,670314,160674342,"Active","IC50",1.2
4321,10155934,440420,103696820,"Active","IC50",1.2
4321,44555417,449027,103704213,"Active","IC50",1.24
4321,10218353,304949,103547885,"Active","Ki",1.29
4321,51355576,649197,136934310,"Active","Ki",1.35
4321,25064704,427755,103686309,"Active","IC50",1.47
4321,44479701,440420,103696844,"Active","IC50",1.5
4321,24754248,301386,103537479,"Active","IC50",1.7
4321,25184515,670314,160679677,"Active","IC50",1.74
4321,70694634,670314,160701227,"Active","IC50",1.79
4321,44479702,440420,103696871,"Active","IC50",1.9
4321,10395015,109240,103337689,"Active","Ki",2
4321,10395015,349385,103337689,"Unspecified","Ki",2
4321,10439082,109240,103338212,"Unspecified","Ki",2
4321,44555419,449027,103704215,"Active","IC50",2.02
4321,25066365,427755,103691600,"Active","IC50",2.1
4321,71652677,734060,164134924,"Active","IC50",2.1
4321,54582019,654268,131275933,"Active","Ki",2.3
4321,71654516,734060,164134925,"Active","IC50",2.3
4321,45483015,441105,103697689,"Active","IC50",2.49
4321,25145683,1166783,103592533,"Unspecified","IC50",2.5
4321,25263231,418149,103611691,"Active","IC50",2.5
4321,57384084,648198,136936004,"Active","IC50",2.5
4321,6479915,670314,103544711,"Active","IC50",2.75
4321,25066364,427755,103682708,"Active","IC50",2.9
4321,44555421,449027,103704365,"Active","IC50",2.99
4321,25138269,315841,103572694,"Active","Ki",3.245
4321,74221131,1343501,374314051,"Active","IC50",3.365
4321,45483018,441105,103697694,"Active","IC50",3.39
4321,45482998,441105,103697639,"Active","IC50",3.53
4321,44441019,308552,103549803,"Active","Ki",3.56
4321,53320529,551730,124963813,"Active","IC50",3.6
4321,136118012,290505,103524280,"Active","Ki",3.611
4321,10089677,291765,103522997,"Active","IC50",3.66
4321,10089677,449027,103522997,"Active","IC50",3.66
4321,10089677,1245161,103522997,"Active","IC50",3.66
4321,45483036,441105,103697730,"Active","IC50",3.75
4321,25263235,418149,103611835,"Active","IC50",3.9
4321,10127901,304949,103547881,"Unspecified","Ki",4.04
4321,10290029,304949,103547867,"Active","Ki",4.1
4321,136118011,290505,103524278,"Active","Ki",4.12
4321,25066366,427755,103691599,"Active","IC50",4.4
4321,21496278,441105,103697679,"Active","IC50",4.5
4321,10312372,304949,103547876,"Active","Ki",4.64
4321,25144971,346593,103592483,"Unspecified","IC50",5
4321,44255320,448900,103704733,"Active","IC50",5
4321,71075800,1257883,318429373,"Unspecified","Ki",5
4321,45485482,449027,103704214,"Active","IC50",5.02
4321,45485514,449027,103704267,"Active","IC50",5.02
4321,10139040,290505,103524273,"Unspecified","Ki",5.025
4321,10223757,290505,103524271,"Unspecified","Ki",5.025
4321,136118013,290505,103524276,"Unspecified","Ki",5.025
4321,136118014,290505,103524279,"Unspecified","Ki",5.025
4321,24754176,301386,103537496,"Active","IC50",5.6
4321,471,670314,103376375,"Active","IC50",5.75
4321,44479458,440420,103696829,"Active","IC50",5.8
4321,10129190,304949,103547863,"Unspecified","Ki",6.02
4321,10174981,304949,103547857,"Unspecified","Ki",6.02
4321,10175070,304949,103547860,"Unspecified","Ki",6.02
4321,10175077,304949,103547869,"Unspecified","Ki",6.02
4321,10175323,304949,103547862,"Unspecified","Ki",6.02
4321,10175426,304949,103547864,"Unspecified","Ki",6.02
4321,10195069,304949,103547849,"Unspecified","Ki",6.02
4321,10195527,304949,103547856,"Unspecified","Ki",6.02
4321,10218128,304949,103547859,"Unspecified","Ki",6.02
4321,10239526,304949,103547865,"Unspecified","Ki",6.02
4321,10239762,304949,103547866,"Unspecified","Ki",6.02
4321,10239803,304949,103547875,"Unspecified","Ki",6.02
4321,10311501,304949,103547858,"Unspecified","Ki",6.02
4321,10311947,304949,103547883,"Unspecified","Ki",6.02
4321,10312268,304949,103547861,"Unspecified","Ki",6.02
4321,9979489,308552,103549797,"Unspecified","Ki",6.023
4321,10031295,308552,103549801,"Unspecified","Ki",6.023
4321,10319098,308552,103549796,"Unspecified","Ki",6.023
4321,10321975,308552,103549802,"Unspecified","Ki",6.023
4321,10366352,308552,103549799,"Unspecified","Ki",6.023
4321,11202395,290505,103524282,"Unspecified","Ki",6.023
4321,11202395,349385,103524282,"Unspecified","Ki",6.023
4321,11397130,290505,103524281,"Unspecified","Ki",6.023
4321,25022681,315841,103572608,"Unspecified","Ki",6.023
4321,25022681,349385,103572608,"Unspecified","Ki",6.023
4321,44441018,308552,103549798,"Unspecified","Ki",6.023
4321,44441020,308552,103549804,"Unspecified","Ki",6.023
4321,44441021,308552,103549805,"Unspecified","Ki",6.023
4321,44441022,308552,103549806,"Unspecified","Ki",6.023
4321,44441023,308552,103549807,"Unspecified","Ki",6.023
4321,44441024,308552,103549808,"Unspecified","Ki",6.023
4321,44441025,308552,103549809,"Unspecified","Ki",6.023
4321,44441026,308552,103549810,"Unspecified","Ki",6.023
4321,44441027,308552,103549811,"Unspecified","Ki",6.023
4321,44441028,308552,103549812,"Unspecified","Ki",6.023
4321,44441029,308552,103549813,"Unspecified","Ki",6.023
4321,44441031,308552,103549815,"Unspecified","Ki",6.023
4321,44441032,308552,103549816,"Unspecified","Ki",6.023
4321,44441033,308552,103549817,"Unspecified","Ki",6.023
4321,25066154,427755,103686196,"Active","IC50",7.3
4321,11588332,259460,103477092,"Active","IC50",7.56
4321,44364280,109243,103390436,"Active","IC50",7.689
4321,45483008,441105,103697669,"Active","IC50",7.84
4321,11294179,314343,103560223,"Active","IC50",8
4321,11294179,349385,103560223,"Active","IC50",8
4321,57394711,641386,136929100,"Unspecified","IC50",8
4321,6476333,670314,103580264,"Active","IC50",8.22
4321,11475677,241064,103443152,"Active","IC50",8.3
4321,49800096,552907,104249692,"Active","IC50",8.3
4321,11640694,457420,103725117,"Active","Ki",9
4321,136054487,1328782,374339746,"Active","IC50",9.5
4321,119031,1274670,103185380,"Active","IC50",10
4321,25145683,346593,103592533,"Unspecified","IC50",10
4321,53311230,641386,134460062,"Unspecified","IC50",10
4321,57391204,641386,136922630,"Unspecified","IC50",10
4321,57391205,641386,136922631,"Unspecified","IC50",10
4321,57392972,641386,136925870,"Unspecified","IC50",10
4321,57392973,641386,136925871,"Unspecified","IC50",10
4321,57392974,641386,136925872,"Unspecified","IC50",10
4321,57392975,641386,136925873,"Unspecified","IC50",10
4321,57399918,641386,136938928,"Unspecified","IC50",10
4321,57403424,641386,136945294,"Unspecified","IC50",10
4321,45485532,449027,103704312,"Active","IC50",10.2
4321,5280343,670314,103167027,"Active","IC50",10.23
4321,23661684,291765,103523033,"Active","IC50",10.4
4321,20348772,441105,103697678,"Active","IC50",11.8
4321,57345502,654268,160693735,"Active","Ki",12
4321,44406790,259460,103477090,"Active","IC50",12.48
4321,3649035,241064,103443100,"Active","IC50",13
4321,66560535,712145,163322193,"Active","IC50",13
4321,44479457,440420,103696819,"Active","IC50",14
4321,44445214,311945,103557303,"Active","IC50",16
4321,44445257,311945,103557354,"Active","IC50",17
4321,893637,748347,163336469,"Active","Ki",18
4321,45485515,449027,103704268,"Active","IC50",18.7
4321,45483023,441105,103697702,"Active","IC50",19.9
4321,12000720,669903,160695742,"Unspecified","IC50",20
4321,44445218,311945,103557307,"Active","IC50",20
4321,45483022,441105,103697701,"Active","IC50",20.1
4321,24754251,301386,103537498,"Unspecified","IC50",22
4321,24754251,349385,103537498,"Unspecified","IC50",22
4321,24754252,301386,103537500,"Unspecified","IC50",22
4321,45376872,641708,136929043,"Unspecified","IC50",22
4321,11543178,259460,103477234,"Active","IC50",24.69
4321,24958549,371247,103611021,"Active","IC50",25
4321,25183768,454175,103717305,"Unspecified","Ki",25
4321,11529867,259460,103477091,"Active","IC50",25.74
4321,9896504,1166783,103576981,"Unspecified","IC50",30
4321,10224181,1166783,103627401,"Unspecified","IC50",30
4321,44445219,311945,103557308,"Active","IC50",31
4321,44445225,311945,103557319,"Active","IC50",31
4321,53326114,551730,124975140,"Active","IC50",31
4321,44426078,291765,103523037,"Active","IC50",43.6
4321,44445224,311945,103557317,"Active","IC50",44
4321,24755074,311945,103557314,"Active","IC50",46
4321,44445223,311945,103557316,"Active","IC50",47
4321,66560623,712145,163335997,"Active","IC50",48
4321,44394681,238228,103451597,"Active","Ki",49
4321,11697504,457420,103724344,"Unspecified","Ki",50
4321,24871537,654268,123095662,"Unspecified","Ki",50
4321,24871655,654268,131285949,"Unspecified","Ki",50
4321,54580973,654268,131273882,"Unspecified","Ki",50
4321,57345500,654268,160672266,"Unspecified","Ki",50
4321,57345501,654268,160672267,"Unspecified","Ki",50
4321,70693710,654268,160699104,"Unspecified","Ki",50
4321,44445200,311945,103557266,"Unspecified","IC50",51
4321,44445266,311945,103557364,"Unspecified","IC50",52
4321,45482999,441105,103697640,"Unspecified","IC50",54.4
4321,44445220,311945,103557309,"Unspecified","IC50",56
4321,44426075,291765,103523034,"Unspecified","IC50",56.9
4321,44445216,311945,103557305,"Unspecified","IC50",60
4321,44445277,311945,103557375,"Unspecified","IC50",61
4321,44445237,311945,103557334,"Unspecified","IC50",62
4321,44445221,311945,103557310,"Unspecified","IC50",63
4321,46905989,311945,103763019,"Unspecified","IC50",64
4321,44445215,311945,103557304,"Unspecified","IC50",65
4321,44445235,311945,103557332,"Unspecified","IC50",65
4321,44445199,311945,103557265,"Unspecified","IC50",67
4321,44445201,311945,103557267,"Unspecified","IC50",67
4321,44445205,311945,103557276,"Unspecified","IC50",68
4321,44445213,311945,103557302,"Unspecified","IC50",68
4321,44445222,311945,103557312,"Unspecified","IC50",68
4321,44445240,311945,103557337,"Unspecified","IC50",68
4321,44445204,311945,103557274,"Unspecified","IC50",69
4321,44445206,311945,103557279,"Unspecified","IC50",69
4321,44445209,311945,103557298,"Unspecified","IC50",69
4321,44445228,311945,103557324,"Unspecified","IC50",70
4321,44445247,311945,103557344,"Unspecified","IC50",70
4321,44445202,311945,103557270,"Unspecified","IC50",71
4321,44445203,311945,103557272,"Unspecified","IC50",71
4321,44445267,311945,103557365,"Unspecified","IC50",71
4321,44445239,311945,103557336,"Unspecified","IC50",76
4321,44445251,311945,103557348,"Unspecified","IC50",78
4321,44445253,311945,103557350,"Unspecified","IC50",78
4321,44445211,311945,103557300,"Unspecified","IC50",79
4321,44445248,311945,103557345,"Unspecified","IC50",81
4321,44445207,311945,103557280,"Unspecified","IC50",82
4321,44445212,311945,103557301,"Unspecified","IC50",82
4321,44445244,311945,103557341,"Unspecified","IC50",82
4321,44445246,311945,103557343,"Unspecified","IC50",85
4321,44445243,311945,103557340,"Unspecified","IC50",87
4321,44479700,440420,103696831,"Unspecified","IC50",89
4321,44445269,311945,103557367,"Unspecified","IC50",93
4321,44445250,311945,103557347,"Unspecified","IC50",94
4321,44445252,311945,103557349,"Unspecified","IC50",96
4321,44445230,311945,103557326,"Unspecified","IC50",97
4321,44445233,311945,103557329,"Unspecified","IC50",99
4321,4358655,604254,134445578,"Unspecified","IC50",100
4321,9896504,317525,103576981,"Unspecified","IC50",100
4321,9896504,359849,103576981,"Unspecified","IC50",100
4321,10224181,359849,103627401,"Unspecified","IC50",100
4321,10467565,109236,103239809,"Unspecified","IC50",100
4321,10732349,109236,103240036,"Unspecified","IC50",100
4321,24807817,317773,103577895,"Unspecified","IC50",100
4321,44394886,238228,103451849,"Unspecified","Ki",100
4321,44426071,291765,103523029,"Unspecified","IC50",100
4321,44426071,449027,103523029,"Unspecified","IC50",100
4321,44426072,291765,103523030,"Unspecified","IC50",100
4321,44426072,449027,103523030,"Unspecified","IC50",100
4321,44426073,291765,103523031,"Unspecified","IC50",100
4321,44426074,291765,103523032,"Unspecified","IC50",100
4321,44426076,291765,103523035,"Unspecified","IC50",100
4321,44426077,291765,103523036,"Unspecified","IC50",100
4321,44445217,311945,103557306,"Unspecified","IC50",100
4321,44457233,317773,103577894,"Unspecified","IC50",100
4321,44457233,349385,103577894,"Unspecified","IC50",100
4321,45485460,449027,103704170,"Unspecified","IC50",100
4321,45485461,449027,103704171,"Unspecified","IC50",100
4321,45485463,449027,103704184,"Unspecified","IC50",100
4321,45485476,449027,103704204,"Unspecified","IC50",100
4321,45485477,449027,103704205,"Unspecified","IC50",100
4321,45485485,449027,103704219,"Unspecified","IC50",100
4321,45485486,449027,103704220,"Unspecified","IC50",100
4321,45485487,449027,103704221,"Unspecified","IC50",100
4321,45485502,449027,103704245,"Unspecified","IC50",100
4321,45485508,449027,103704258,"Unspecified","IC50",100
4321,45485513,449027,103704266,"Unspecified","IC50",100
4321,45485520,449027,103704281,"Unspecified","IC50",100
4321,45485521,449027,103704282,"Unspecified","IC50",100
4321,45485558,449027,103704366,"Unspecified","IC50",100
4321,53374826,1272571,312377663,"Unspecified","IC50",100
4321,57392969,641386,136925867,"Unspecified","IC50",100
4321,73349535,775517,174499117,"Unspecified","IC50",100
4321,44445264,311945,103557362,"Unspecified","IC50",101
4321,44445210,311945,103557299,"Unspecified","IC50",105
4321,44445226,311945,103557320,"Unspecified","IC50",105
4321,44445231,311945,103557327,"Unspecified","IC50",105
4321,44445270,311945,103557368,"Unspecified","IC50",105
4321,44445258,311945,103557355,"Unspecified","IC50",106
4321,44445268,311945,103557366,"Unspecified","IC50",109
4321,44445229,311945,103557325,"Unspecified","IC50",111
4321,44445255,311945,103557352,"Unspecified","IC50",112
4321,44445261,311945,103557359,"Unspecified","IC50",115
4321,44445245,311945,103557342,"Unspecified","IC50",117
4321,44445234,311945,103557331,"Unspecified","IC50",118
4321,25419,291879,103173333,"Unspecified","IC50",121
4321,44445256,311945,103557353,"Unspecified","IC50",127
4321,44445249,311945,103557346,"Unspecified","IC50",134
4321,44445265,311945,103557363,"Unspecified","IC50",135
4321,44445241,311945,103557338,"Unspecified","IC50",146
4321,28602444,311945,103557376,"Unspecified","IC50",150
4321,44445242,311945,103557339,"Unspecified","IC50",150
4321,44445262,311945,103557360,"Unspecified","IC50",150
4321,44445263,311945,103557361,"Unspecified","IC50",150
4321,44445271,311945,103557369,"Unspecified","IC50",150
4321,44445272,311945,103557370,"Unspecified","IC50",150
4321,44445273,311945,103557371,"Unspecified","IC50",150
4321,44445274,311945,103557372,"Unspecified","IC50",150
4321,44445275,311945,103557373,"Unspecified","IC50",150
4321,44445276,311945,103557374,"Unspecified","IC50",150
4321,44445278,311945,103557377,"Unspecified","IC50",150
4321,44445279,311945,103557378,"Unspecified","IC50",150
4321,44445280,311945,103557379,"Unspecified","IC50",150
4321,44445281,311945,103557380,"Unspecified","IC50",150
4321,44445254,311945,103557351,"Unspecified","IC50",151
4321,9957228,270312,103499845,"Unspecified","Ki",300
4321,9993891,238228,103451755,"Unspecified","Ki",300
4321,11328354,270312,103499941,"Unspecified","Ki",300
4321,23645953,270312,103499674,"Unspecified","Ki",300
4321,23645959,270312,103500154,"Unspecified","Ki",300
4321,44394645,238228,103451550,"Unspecified","Ki",300
4321,44394703,238228,103451619,"Unspecified","Ki",300
4321,2763839,408845,103640441,"Unspecified","IC50",355
4321,2741314,408845,103640439,"Unspecified","IC50",1000
4321,78598,408845,103640438,"Unspecified","IC50",2000
4321,44394814,238228,103451746,"Unspecified","Ki",2000
4321,2801266,408845,103640440,"Unspecified","IC50",5000
4321,1990,1286149,103198538,"Unspecified","Kd",6180
4321,471,670320,103376375,"Unspecified",,
4321,1002,408843,103405330,"Unspecified",,
4321,1986,775833,103164735,"Active",,
4321,2973,775833,103178524,"Active",,
4321,4218,670314,103339213,"Inconclusive","IC50",
4321,4219,670320,160690440,"Unspecified",,
4321,5311,775833,103174146,"Unspecified",,
4321,44093,775833,103581295,"Active",,
4321,60490,775833,103172204,"Active",,
4321,65373,670314,103431945,"Inconclusive","IC50",
4321,78598,408843,103640438,"Unspecified",,
4321,132519,408844,103185416,"Unspecified",,
4321,132519,1077365,103185416,"Unspecified",,
4321,132519,1345412,178103981,"Active",,
4321,448002,731523,103289600,"Inconclusive","IC50",
4321,448002,1336484,103289600,"Unspecified",,
4321,644601,370867,103590848,"Unspecified",,
4321,644601,370879,103590848,"Active",,
4321,651441,370867,103590850,"Unspecified",,
4321,651854,370867,103591743,"Unspecified",,
4321,651854,370879,103591743,"Active",,
4321,893637,1345412,249565575,"Active",,
4321,1506964,370867,103590856,"Unspecified",,
4321,2221136,370867,103591669,"Unspecified",,
4321,2571427,370867,103591744,"Unspecified",,
4321,2741314,408843,103640439,"Unspecified",,
4321,2763839,408843,103640441,"Unspecified",,
4321,2801266,408843,103640440,"Unspecified",,
4321,3109994,370867,103590920,"Unspecified",,
4321,3236108,370867,103591740,"Unspecified",,
4321,3240046,370867,103590924,"Unspecified",,
4321,3671894,371248,103610325,"Unspecified",,
4321,5280343,670320,103167027,"Unspecified",,
4321,5280445,670320,103207220,"Unspecified",,
4321,5281656,670314,103453494,"Inconclusive","IC50",
4321,5281717,670314,103223137,"Inconclusive","IC50",
4321,5289111,349403,103607541,"Inactive",,
4321,5319161,670320,160674342,"Unspecified",,
4321,5600879,370867,103591670,"Unspecified",,
4321,6476333,670320,103580264,"Unspecified",,
4321,6479915,670320,103544711,"Unspecified",,
4321,9816867,109237,103276206,"Inconclusive","IC50",
4321,9868079,731523,103285706,"Inconclusive","IC50",
4321,9868858,731523,103286336,"Inconclusive","IC50",
4321,9886916,731523,103338742,"Inconclusive","IC50",
4321,9888897,641678,103589753,"Inconclusive","IC50",
4321,9888897,775833,103589753,"Unspecified",,
4321,9891009,731523,103282412,"Inconclusive","IC50",
4321,9892042,731523,103282525,"Inconclusive","IC50",
4321,9896504,349403,103576981,"Inactive",,
4321,9918908,731523,103299339,"Inconclusive","IC50",
4321,10044321,731523,103443652,"Inconclusive","IC50",
4321,10089677,693083,103522997,"Unspecified",,
4321,10175366,304949,103547879,"Inconclusive","Ki",
4321,10196775,304949,103547880,"Inconclusive","Ki",
4321,10224181,349403,103627401,"Inactive",,
4321,10262798,238985,103451602,"Unspecified",,
4321,11259332,317525,103576890,"Inactive","Activity",
4321,11259332,349385,103576890,"Inactive","Activity",
4321,11391583,441105,103697688,"Active","IC50",
4321,11641563,1345412,223366154,"Active",,
4321,11708451,775833,103537294,"Unspecified",,
4321,17853548,670314,160690439,"Inconclusive","IC50",
4321,22922043,670314,160706500,"Inconclusive","IC50",
4321,24751752,1345412,223366174,"Active",,
4321,24800541,316553,103577996,"Unspecified",,
4321,24857924,775833,174504147,"Unspecified",,
4321,24936382,731523,103299020,"Inconclusive","IC50",
4321,24960377,371248,103610253,"Unspecified",,
4321,24988072,738655,124970844,"Inactive",,
4321,25060119,1060359,194159569,"Unspecified",,
4321,25122902,1345412,178103182,"Active",,
4321,25180867,641678,103644958,"Inconclusive","IC50",
4321,25184515,670320,160679677,"Unspecified",,
4321,26183540,670314,160679678,"Inconclusive","IC50",
4321,44144307,670314,160704094,"Inconclusive","IC50",
4321,44250718,670314,160695865,"Inconclusive","IC50",
4321,44255320,448843,103704733,"Unspecified",,
4321,44317451,731523,103281878,"Inconclusive","IC50",
4321,44364119,731523,103389902,"Inconclusive","IC50",
4321,44372530,775833,103408590,"Active",,
4321,44394594,238985,103451481,"Unspecified",,
4321,44394600,238985,103451487,"Unspecified",,
4321,44394601,238985,103451488,"Unspecified",,
4321,44394630,238985,103451532,"Unspecified",,
4321,44394637,238985,103451541,"Unspecified",,
4321,44394668,238985,103451577,"Unspecified",,
4321,44394682,238985,103451598,"Unspecified",,
4321,44394702,238985,103451618,"Unspecified",,
4321,44394720,238985,103451643,"Unspecified",,
4321,44394744,238985,103451666,"Unspecified",,
4321,44394758,238985,103451682,"Unspecified",,
4321,44394796,238985,103451725,"Unspecified",,
4321,44394797,238985,103451726,"Unspecified",,
4321,44394813,238985,103451745,"Unspecified",,
4321,44394821,238985,103451754,"Unspecified",,
4321,44394839,238985,103451785,"Unspecified",,
4321,44394879,238985,103451842,"Unspecified",,
4321,44423677,731523,103517973,"Inconclusive","IC50",
4321,44571675,371248,103610504,"Unspecified",,
4321,44580458,1345412,223366143,"Active",,
4321,45266496,347006,103680228,"Inactive",,
4321,46861563,1257883,104248670,"Active","Ki",
4321,50991045,1257883,318434273,"Active","Ki",
4321,53494934,738655,164147249,"Inactive",,
4321,53494935,738655,134446654,"Inactive",,
4321,57391414,648198,136922951,"Inconclusive","IC50",
4321,57394711,641386,136929100,"Active","IC50",
4321,57394850,648198,136929321,"Inconclusive","IC50",
4321,57394903,648198,136929394,"Inconclusive","IC50",
4321,66560533,712134,163339414,"Active",,
4321,66560533,712135,163339414,"Active",,
4321,66560533,712136,163339414,"Unspecified",,
4321,66560533,712141,163339414,"Active",,
4321,66560534,712146,163328996,"Active",,
4321,66560535,712135,163322193,"Active",,
4321,66560622,1345412,223366199,"Active",,
4321,70688393,670320,160685043,"Unspecified",,
4321,70688394,670314,160685044,"Inconclusive","IC50",
4321,70688395,670314,160685045,"Inconclusive","IC50",
4321,70694634,670320,160701227,"Unspecified",,
4321,71563039,722642,164131181,"Active","Inhibition",
4321,71711730,732114,164135583,"Unspecified",,
4321,71718301,731523,164138285,"Inconclusive","IC50",
4321,72706115,1061990,194166426,"Inactive",,
4321,72720906,1200512,312390521,"Unspecified",,
4321,72948626,1200512,312390534,"Unspecified",,
4321,72948808,1200512,312390512,"Unspecified",,
4321,76314808,1077364,194147602,"Inconclusive","Ki(app)",
4321,76325699,1077364,194168374,"Inconclusive","Ki(app)",
4321,76325699,1077365,194168374,"Unspecified",,
4321,118179819,1200512,312390515,"Unspecified",,
4321,118179865,1200512,312390533,"Unspecified",,
4321,118721027,1172327,312369464,"Inconclusive","IC50",
4321,118726040,1189869,312377685,"Active",,
4321,127043504,1312038,336894216,"Inconclusive","IC50",
4321,127043682,1312038,336894462,"Inconclusive","IC50",
4321,127045258,1312038,336896918,"Inconclusive","IC50",
4321,127045609,1312038,336897466,"Inconclusive","IC50",
4321,134130294,1336483,374264651,"Active",,
4321,134130294,1336484,374264651,"Unspecified",,
4321,135412054,370879,103591739,"Inactive",,
4321,135412054,641885,103591739,"Unspecified",,
4321,135412054,1169673,103591739,"Unspecified",,
4321,135412231,641885,136920443,"Unspecified",,
4321,135412231,1169673,136920443,"Unspecified",,
4321,135414653,370867,103591667,"Unspecified",,
4321,135438809,370867,103591742,"Unspecified",,
4321,135438809,370879,103591742,"Inactive",,
4321,135546884,641885,136927019,"Unspecified",,
4321,135546884,1169673,136927019,"Unspecified",,
4321,135602046,775833,103501457,"Active",,
